State / Union Territory,Year,Rice production(in Lakh Tonnes),Wheat production(in Lakh Tonnes),Coarse cereals production(in Lakh Tonnes),Pulses production(in Lakh Tonnes),Food- grains production(in Lakh Tonnes),Oilseeds production (in Lakh Tonnes),Cotton (Lint) production(in Lakh Tonnes),Sugar- cane production(in Lakh Tonnes),Raw Jute & Mesta production(in Lakh Tonnes)
Andhra Pradesh,2002-03,7327.0,14.0,2251.0,1061.6,10653.6,1256.3,1085.7,15387.2,613.0
Andhra Pradesh,2003-04,8953.0,7.0,3498.0,1239.0,13697.0,1614.1,1890.0,15070.0,470.0
Andhra Pradesh,2004-05,9601.0,5.0,2771.0,1019.0,13396.0,2209.4,2190.0,15739.0,458.0
Andhra Pradesh,2005-06,11704.0,9.0,3862.0,1376.0,16951.0,2041.0,2108.0,17656.0,455.0
Andhra Pradesh,2006-07,11872.0,9.0,3001.0,1347.0,16229.0,1362.0,2181.0,21692.0,544.0
Andhra Pradesh,2007-08,13324.0,8.0,4274.0,1697.0,19303.0,3390.0,3491.0,20296.0,501.0
Andhra Pradesh,2008-09,14241.0,16.0,4716.0,1448.0,20421.0,2189.1,3569.0,15380.0,295.0
Andhra Pradesh,2009-10,10538.0,10.0,3318.0,1429.0,15295.0,1500.0,3227.0,11708.0,191.9
Andhra Pradesh,2010-11,7882.4,1.0,2205.0,964.1,11052.5,1332.3,5300.0,14964.0,223.0
Andhra Pradesh,2011-12,7746.2,11.0,2188.3,933.6,10868.1,723.8,4900.0,16686.0,202.0
Andhra Pradesh,2012-13,6862.4,1.0,2433.6,1132.7,10429.8,928.3,2025.2,15567.0,127.0
Andhra Pradesh,2013-14,6969.7,4.0,2486.8,1061.8,10522.3,1022.7,1411.1,15385.0,83.0
Andhra Pradesh,2014-15,7233.9,6.0,2310.2,950.0,10494.1,597.2,2841.0,13150.0,50.0
Andhra Pradesh,2015-16,7488.7,-,1916.0,1229.0,10633.7,873.0,1888.0,9353.0,44.0
Andhra Pradesh,2016-17,7452.4,-,1982.0,931.0,10365.4,664.2,1564.0,7830.0,63.0
Andhra Pradesh,2017-18,8166.2,-,2776.1,1217.4,12159.8,1096.7,2087.0,7789.6,47.2
Andhra Pradesh,2018-19,8234.7,-,1864.5,739.6,10838.8,504.4,1491.0,8094.6,30.3
Andhra Pradesh,2019-20,8658.9,-,2531.2,1166.7,12356.8,901.2,2508.0,6724.0,21.3
Andhra Pradesh,2020-21,7882.9,-,2321.6,1094.6,11299.0,804.6,1600.6,4138.6,10.4
Andhra Pradesh,2021-22,7789.2,-,2388.7,1088.0,11266.0,555.4,1707.6,3654.2,11.0
Arunachal Pradesh,2002-03,152.5,6.3,75.8,7.7,242.3,28.2,-,15.3,-
Arunachal Pradesh,2003-04,154.6,6.3,75.8,7.4,244.1,27.3,-,15.2,-
Arunachal Pradesh,2004-05,135.0,8.7,76.4,6.8,226.9,27.0,-,14.1,-
Arunachal Pradesh,2005-06,146.2,6.1,80.3,8.3,240.9,22.7,-,16.8,-
Arunachal Pradesh,2006-07,146.2,6.3,84.9,8.3,245.7,22.7,-,16.8,-
Arunachal Pradesh,2007-08,158.1,5.3,76.8,8.3,248.5,25.6,-,21.8,-
Arunachal Pradesh,2008-09,163.9,5.2,77.7,9.0,255.8,30.5,-,23.4,-
Arunachal Pradesh,2009-10,215.8,4.8,78.6,9.7,308.9,28.3,-,27.1,-
Arunachal Pradesh,2010-11,234.0,5.9,84.7,9.1,333.7,29.1,-,29.0,-
Arunachal Pradesh,2011-12,255.0,6.5,90.5,10.5,362.5,33.0,-,30.0,-
Arunachal Pradesh,2012-13,263.0,4.4,91.6,10.6,369.6,30.8,-,30.2,-
Arunachal Pradesh,2013-14,276.2,4.5,92.8,11.2,384.6,31.4,-,30.4,-
Arunachal Pradesh,2014-15,285.0,7.5,102.0,14.5,409.0,33.9,-,29.7,-
Arunachal Pradesh,2015-16,204.0,7.7,102.8,13.0,327.5,36.4,-,40.8,-
Arunachal Pradesh,2016-17,220.0,7.7,102.5,13.1,343.3,36.6,-,37.7,-
Arunachal Pradesh,2017-18,233.3,7.7,104.5,13.5,359.1,37.0,-,38.4,-
Arunachal Pradesh,2018-19,240.0,7.7,105.4,12.0,365.2,37.0,-,45.8,-
Arunachal Pradesh,2019-20,244.7,6.7,107.6,14.2,373.2,37.1,-,39.2,-
Arunachal Pradesh,2020-21,247.1,7.7,107.9,14.3,377.1,37.3,-,46.4,-
Arunachal Pradesh,2021-22,-,-,-,-,-,-,-,-,-
Assam,2002-03,3738.0,78.0,18.0,60.0,3894.0,149.0,1.0,916.0,716.0
Assam,2003-04,3880.0,73.0,18.0,64.0,4035.0,157.0,1.0,981.0,692.0
Assam,2004-05,3470.7,68.1,18.0,61.4,3618.2,146.8,1.0,883.9,435.8
Assam,2005-06,3552.5,53.7,17.6,54.0,3677.8,113.2,0.6,871.2,603.6
Assam,2006-07,2916.0,67.0,18.0,59.0,3060.0,134.0,0.6,1055.0,583.3
Assam,2007-08,3319.0,71.0,17.0,63.0,3470.0,139.0,0.6,980.0,683.7
Assam,2008-09,4008.5,54.6,15.4,64.5,4143.0,137.9,0.6,1099.7,674.3
Assam,2009-10,4335.9,63.5,17.2,64.6,4481.2,144.7,0.8,1059.0,735.5
Assam,2010-11,4736.6,52.8,17.0,70.1,4876.5,153.6,-,1075.0,650.7
Assam,2011-12,4516.3,60.3,18.2,68.6,4663.3,149.5,-,993.5,638.8
Assam,2012-13,5128.5,44.2,23.5,84.4,5280.6,186.8,-,1028.2,583.1
Assam,2013-14,4927.1,40.4,25.0,104.3,5096.8,186.3,-,1075.2,746.6
Assam,2014-15,5222.7,28.8,96.4,111.0,5458.8,205.7,-,1099.1,793.2
Assam,2015-16,5125.1,34.3,91.6,107.6,5358.6,215.2,-,1038.3,894.1
Assam,2016-17,4727.4,23.5,94.1,107.5,4952.5,204.3,-,1207.2,824.1
Assam,2017-18,5283.7,24.7,101.8,115.8,5525.9,200.6,-,1143.0,861.5
Assam,2018-19,5220.6,23.7,108.0,113.5,5465.9,198.4,-,1093.9,781.4
Assam,2019-20,4984.6,14.4,131.3,106.1,5236.4,192.4,-,1218.1,811.7
Assam,2020-21,5214.8,12.9,151.2,108.7,5487.5,199.9,0.4,1093.1,794.2
Assam,2021-22,5268.0,17.6,131.2,118.6,5535.4,198.3,0.5,1117.7,905.5
Bihar,2002-03,5085.5,4040.6,1397.7,560.9,11084.7,104.9,-,4520.5,1093.8
Bihar,2003-04,5447.8,3688.9,1513.3,562.6,11212.6,123.8,-,4285.9,1286.3
Bihar,2004-05,2472.2,3263.4,1501.9,466.9,7704.4,116.9,-,4111.7,1180.2
Bihar,2005-06,3495.5,3239.0,1405.5,446.8,8586.8,136.5,-,4337.9,1386.6
Bihar,2006-07,4989.3,3911.4,1759.7,438.2,11098.6,147.4,-,5955.5,1389.8
Bihar,2007-08,4418.1,4450.4,1498.5,497.1,10864.1,137.9,-,3854.9,1464.9
Bihar,2008-09,5590.3,4410.0,1751.3,469.1,12220.7,138.0,-,4959.9,1220.1
Bihar,2009-10,3599.3,4570.8,1508.0,472.5,10150.6,144.6,-,5032.6,1277.7
Bihar,2010-11,3102.1,4097.6,1484.5,537.8,9221.9,136.3,-,12763.6,1310.4
Bihar,2011-12,7162.6,4725.0,1648.3,511.3,14047.2,139.5,-,11288.6,1738.8
Bihar,2012-13,7529.3,5357.2,2510.3,542.8,15939.6,143.3,-,12741.4,1717.7
Bihar,2013-14,5505.8,4738.0,2139.9,522.0,12905.8,146.2,-,12881.8,1745.1
Bihar,2014-15,6356.7,3987.0,2371.0,493.9,13208.6,127.0,-,14034.1,1637.1
Bihar,2015-16,6802.2,4736.4,2548.6,420.7,14507.9,126.5,-,12649.3,1630.0
Bihar,2016-17,8239.3,5110.8,2719.1,461.7,16530.8,125.9,-,13036.0,1571.0
Bihar,2017-18,8093.1,6104.3,2385.2,454.2,17036.9,124.3,-,13824.6,1280.0
Bihar,2018-19,6155.5,6465.6,2525.4,453.5,15600.1,125.0,-,20116.3,1084.5
Bihar,2019-20,6298.0,5579.7,2020.9,334.4,14233.0,124.7,-,13578.8,802.1
Bihar,2020-21,6747.0,6149.7,2109.1,376.8,15382.6,124.1,-,12109.8,787.5
Bihar,2021-22,7064.1,6223.8,2542.9,363.7,16194.4,114.1,-,12063.4,819.1
Chhattisgarh,2002-03,2634.9,98.6,175.5,365.7,3274.7,100.7,0.1,10.0,2.0
Chhattisgarh,2003-04,5567.6,108.6,212.9,580.7,6469.8,127.0,0.2,13.3,2.5
Chhattisgarh,2004-05,4383.3,82.4,189.5,367.8,5023.0,123.7,0.8,15.6,2.0
Chhattisgarh,2005-06,5011.6,90.7,159.3,453.2,5714.8,126.5,0.4,16.4,3.0
Chhattisgarh,2006-07,5041.4,91.7,178.3,493.6,5805.0,161.4,0.2,18.7,2.9
Chhattisgarh,2007-08,5426.6,98.8,229.7,536.8,6291.9,192.6,0.1,27.5,2.7
Chhattisgarh,2008-09,4391.8,92.5,184.4,498.6,5167.3,193.5,0.1,25.4,2.8
Chhattisgarh,2009-10,4110.4,121.9,181.8,488.7,4902.8,200.4,0.3,29.2,2.5
Chhattisgarh,2010-11,6159.0,126.8,231.9,537.5,7055.2,217.2,-,21.8,3.2
Chhattisgarh,2011-12,6028.4,133.1,209.9,499.1,6870.5,169.5,-,24.4,3.0
Chhattisgarh,2012-13,6608.8,141.3,244.7,648.7,7643.6,215.0,-,37.3,2.6
Chhattisgarh,2013-14,6716.4,134.0,263.1,484.5,7598.0,185.4,-,22.1,2.2
Chhattisgarh,2014-15,6322.1,135.3,267.2,738.5,7463.1,174.2,-,49.3,2.1
Chhattisgarh,2015-16,5789.4,137.4,215.5,511.9,6654.2,149.6,-,67.8,2.3
Chhattisgarh,2016-17,8048.4,159.5,357.5,758.7,9324.1,169.9,-,848.0,1.9
Chhattisgarh,2017-18,4930.8,130.7,347.2,550.0,5958.7,122.9,-,1158.5,2.1
Chhattisgarh,2018-19,6526.9,162.7,331.5,537.5,7558.6,145.9,-,1452.1,2.1
Chhattisgarh,2019-20,6774.8,115.3,370.5,241.3,7501.8,159.0,-,1759.0,1.9
Chhattisgarh,2020-21,7161.2,248.4,368.4,447.5,8225.5,121.5,8.4,1756.4,1.3
Chhattisgarh,2021-22,7897.7,188.6,423.2,387.5,8897.0,104.5,7.5,1990.2,0.9
Goa,2002-03,134.8,-,1.1,7.5,143.4,4.3,-,65.5,-
Goa,2003-04,170.7,-,1.2,9.2,181.1,5.7,-,57.6,-
Goa,2004-05,145.2,-,1.1,9.4,155.7,5.4,-,60.6,-
Goa,2005-06,147.3,-,1.0,11.5,159.8,7.9,-,55.9,-
Goa,2006-07,130.3,-,0.8,16.3,147.4,4.6,-,58.0,-
Goa,2007-08,121.6,-,0.7,11.3,133.6,7.0,-,56.0,-
Goa,2008-09,123.3,-,0.8,10.2,134.3,8.2,-,49.3,-
Goa,2009-10,100.6,-,0.8,8.5,109.9,8.1,-,52.3,-
Goa,2010-11,115.0,-,0.1,8.0,123.1,8.3,-,49.1,-
Goa,2011-12,121.8,-,0.1,8.3,130.2,8.0,-,46.6,-
Goa,2012-13,122.8,-,0.1,9.0,131.8,7.5,-,46.0,-
Goa,2013-14,126.5,-,-,8.9,135.5,6.6,-,47.7,-
Goa,2014-15,120.5,-,-,8.1,128.6,-,-,-,-
Goa,2015-16,115.1,-,-,0.3,115.3,-,-,-,-
Goa,2016-17,113.2,-,-,5.9,119.1,-,-,-,-
Goa,2017-18,103.0,-,-,4.8,107.8,3.5,-,-,-
Goa,2018-19,98.8,-,-,6.3,105.2,1.0,-,35.3,-
Goa,2019-20,90.4,-,-,3.9,94.2,0.4,-,53.7,-
Goa,2020-21,87.3,-,-,3.7,91.1,0.2,-,35.6,-
Goa,2021-22,-,-,-,-,-,-,-,-,-
Gujarat,2002-03,541.7,856.6,1840.8,327.2,3566.3,1683.1,1684.6,14071.3,-
Gujarat,2003-04,1277.0,2036.5,2635.4,622.4,6571.3,5665.0,4026.9,12669.1,-
Gujarat,2004-05,1238.2,1805.5,1734.5,479.3,5257.5,2986.9,4724.8,14570.0,-
Gujarat,2005-06,1298.0,2473.0,1836.0,547.0,6154.0,4682.0,6772.0,14580.0,-
Gujarat,2006-07,1390.0,3000.0,1516.0,593.0,6499.0,2569.0,8787.0,15630.0,-
Gujarat,2007-08,1474.0,3838.0,2151.0,743.0,8206.0,4725.0,8276.0,15190.0,-
Gujarat,2008-09,1303.0,2593.0,1976.0,609.0,6481.0,4015.9,7013.8,15510.0,-
Gujarat,2009-10,1292.0,2352.0,1600.0,517.0,5761.0,3097.0,7986.3,12400.0,-
Gujarat,2010-11,1496.6,4019.5,2102.6,723.0,8341.6,4896.1,10400.0,13760.0,-
Gujarat,2011-12,1790.0,4072.0,2232.3,780.0,8874.3,5035.0,12000.0,12750.0,-
Gujarat,2012-13,1541.0,2944.0,1999.0,572.2,7056.2,2705.0,8850.0,12690.0,-
Gujarat,2013-14,1636.0,4694.0,2120.6,729.0,9179.6,6870.4,10150.0,12550.0,-
Gujarat,2014-15,1830.9,3059.0,1644.9,574.5,7109.3,4886.9,10500.0,14330.0,-
Gujarat,2015-16,1702.0,2484.0,1549.7,543.6,6279.3,4179.1,9400.0,11120.0,-
Gujarat,2016-17,1930.0,2737.0,1937.0,818.0,7422.0,4789.3,8575.0,11950.0,-
Gujarat,2017-18,1890.9,3069.0,1782.2,922.6,7664.7,5860.2,10187.0,12072.1,-
Gujarat,2018-19,1912.1,2407.4,1802.8,681.3,6803.6,3733.6,6279.0,11326.4,-
Gujarat,2019-20,1983.1,3326.8,1786.3,1057.3,8153.4,6653.3,8617.0,11570.0,-
Gujarat,2020-21,2145.7,3259.5,1759.6,1809.2,8973.9,6188.9,7212.2,16954.7,-
Gujarat,2021-22,2115.4,3334.2,1918.8,2689.0,10057.4,6897.8,7482.5,17459.3,-
Haryana,2002-03,2468.0,9188.0,590.0,82.9,12328.9,711.7,1038.0,10650.0,-
Haryana,2003-04,2790.0,9114.0,1146.0,143.1,13193.1,997.8,1405.0,9280.0,-
Haryana,2004-05,3023.0,9058.0,882.0,146.0,13109.0,840.5,2075.0,8060.0,-
Haryana,2005-06,3210.0,8857.0,813.0,118.1,12998.1,825.2,1499.0,8180.0,-
Haryana,2006-07,3371.0,10055.0,1197.0,140.0,14763.0,834.6,1814.0,9580.0,-
Haryana,2007-08,3613.0,10236.0,1357.0,101.8,15307.8,642.8,1885.0,8860.0,-
Haryana,2008-09,3298.0,10808.2,1329.4,177.8,15613.4,932.8,1858.0,5130.0,-
Haryana,2009-10,3625.0,10500.0,1132.0,100.0,15357.0,877.5,1926.0,5335.0,-
Haryana,2010-11,3472.0,11630.0,1369.0,158.5,16629.5,963.8,1750.0,6042.0,-
Haryana,2011-12,3759.0,12685.7,1387.0,127.0,17958.7,771.0,2650.0,6959.0,-
Haryana,2012-13,3976.0,11117.0,1003.0,130.4,16226.4,993.1,2500.0,7437.0,-
Haryana,2013-14,3998.0,11800.0,1051.0,125.1,16974.1,899.0,2302.0,7499.0,-
Haryana,2014-15,4006.0,10354.0,819.0,56.1,15235.1,743.4,2300.0,7650.0,-
Haryana,2015-16,4145.0,11352.0,796.0,65.6,16358.6,829.7,993.0,6692.0,-
Haryana,2016-17,4453.0,11546.8,1087.0,75.9,17162.7,964.5,2041.0,8223.0,-
Haryana,2017-18,4523.4,10765.3,833.8,69.4,16191.8,1122.6,1627.0,9632.9,-
Haryana,2018-19,4516.1,12574.0,972.8,82.1,18145.0,1277.3,2013.0,8505.0,-
Haryana,2019-20,4824.3,11876.4,1098.4,64.4,17863.5,1175.2,2484.0,7730.4,-
Haryana,2020-21,4424.9,12394.4,1417.6,72.7,18309.5,1348.6,1822.9,8531.7,-
Haryana,2021-22,4618.0,10447.2,1158.4,105.6,16329.2,1398.7,1316.1,8748.6,-
Himachal Pradesh,2002-03,85.7,495.6,524.9,16.7,1122.9,8.2,0.1,49.1,-
Himachal Pradesh,2003-04,120.6,498.0,771.8,9.0,1399.4,9.2,0.0,50.0,-
Himachal Pradesh,2004-05,122.0,684.0,788.2,18.1,1612.3,12.0,0.1,61.9,-
Himachal Pradesh,2005-06,112.1,679.0,570.7,19.6,1381.4,5.2,0.0,25.1,-
Himachal Pradesh,2006-07,123.5,501.6,728.2,28.9,1382.2,7.1,0.1,59.0,-
Himachal Pradesh,2007-08,121.5,504.4,896.2,36.0,1558.1,6.5,0.2,58.4,-
Himachal Pradesh,2008-09,118.3,547.3,712.1,23.5,1401.2,5.0,0.1,53.1,-
Himachal Pradesh,2009-10,105.9,327.1,563.5,20.7,1017.2,3.8,-,45.6,-
Himachal Pradesh,2010-11,128.9,546.5,704.1,41.6,1421.1,7.7,-,38.3,-
Himachal Pradesh,2011-12,131.6,595.8,752.1,30.8,1510.3,8.6,-,28.3,-
Himachal Pradesh,2012-13,125.3,608.6,700.8,46.1,1480.7,6.9,-,42.0,-
Himachal Pradesh,2013-14,120.8,670.7,685.9,51.0,1528.4,6.1,-,35.7,-
Himachal Pradesh,2014-15,125.2,646.5,622.1,38.3,1432.0,6.6,-,37.6,-
Himachal Pradesh,2015-16,129.9,667.6,777.0,40.6,1615.1,6.5,-,38.7,-
Himachal Pradesh,2016-17,146.6,704.2,826.4,63.3,1740.6,6.2,-,21.1,-
Himachal Pradesh,2017-18,114.8,565.7,750.3,57.5,1488.3,5.8,-,36.7,-
Himachal Pradesh,2018-19,114.9,564.6,767.5,54.0,1501.0,6.1,-,33.3,-
Himachal Pradesh,2019-20,143.8,563.4,767.7,55.2,1530.1,6.4,-,32.0,-
Himachal Pradesh,2020-21,140.5,570.3,764.5,60.2,1535.5,7.8,-,22.7,-
Himachal Pradesh,2021-22,140.5,570.4,768.9,60.5,1540.2,7.8,-,22.7,-
Jammu & Kashmir,2002-03,421.0,401.9,485.5,14.0,1322.4,26.6,-,0.6,-
Jammu & Kashmir,2003-04,504.2,459.4,552.7,13.3,1529.6,42.1,-,0.6,-
Jammu & Kashmir,2004-05,492.2,474.4,517.3,15.1,1499.0,124.2,-,0.5,-
Jammu & Kashmir,2005-06,556.8,444.0,467.7,13.5,1482.0,2.7,-,0.8,-
Jammu & Kashmir,2006-07,554.0,492.2,512.3,14.2,1572.7,42.3,-,0.8,-
Jammu & Kashmir,2007-08,561.3,495.9,499.5,15.4,1572.1,53.3,-,0.2,-
Jammu & Kashmir,2008-09,563.1,483.6,660.4,14.2,1721.3,49.6,-,0.0,-
Jammu & Kashmir,2009-10,497.4,289.9,513.3,13.6,1314.2,49.7,-,-,-
Jammu & Kashmir,2010-11,507.7,446.3,550.9,16.7,1521.6,53.0,-,-,-
Jammu & Kashmir,2011-12,544.7,500.3,528.1,13.2,1586.3,53.3,-,-,-
Jammu & Kashmir,2012-13,818.1,462.4,537.3,14.2,1831.9,51.1,-,0.0,-
Jammu & Kashmir,2013-14,610.9,601.9,551.3,13.8,1777.9,58.8,-,-,-
Jammu & Kashmir,2014-15,517.2,314.3,379.5,9.2,1220.3,40.4,-,2.0,-
Jammu & Kashmir,2015-16,646.4,541.5,535.4,9.4,1732.7,32.6,-,0.3,-
Jammu & Kashmir,2016-17,572.2,475.5,561.0,10.2,1618.9,28.6,-,-,-
Jammu & Kashmir,2017-18,513.1,487.4,559.9,10.3,1570.8,39.4,-,-,-
Jammu & Kashmir,2018-19,615.8,671.9,594.2,10.6,1892.5,56.3,-,-,-
Jammu & Kashmir,2019-20,587.0,488.3,551.7,44.2,1671.2,42.3,-,-,-
Jammu & Kashmir,2020-21,581.5,483.9,519.6,10.1,1594.9,33.0,-,0.1,-
Jammu & Kashmir,2021-22,-,-,-,-,-,-,-,-,-
Jharkhand,2002-03,1381.0,104.0,274.7,133.5,1893.2,8.1,-,140.6,-
Jharkhand,2003-04,2310.0,118.0,342.0,135.0,2905.0,8.0,-,136.0,6.5
Jharkhand,2004-05,1677.0,150.0,324.1,160.0,2311.1,7.0,-,141.6,6.3
Jharkhand,2005-06,1558.0,77.7,259.6,172.3,2067.6,8.5,-,142.0,6.0
Jharkhand,2006-07,2967.8,128.9,332.0,258.1,3686.8,50.0,-,142.0,6.0
Jharkhand,2007-08,3336.4,139.9,386.4,301.8,4164.5,68.8,-,150.0,6.0
Jharkhand,2008-09,3420.2,153.9,333.9,280.7,4188.7,73.2,-,348.8,-
Jharkhand,2009-10,1538.4,173.2,216.9,223.7,2152.2,79.5,-,447.0,4.8
Jharkhand,2010-11,1110.0,158.4,278.5,329.6,1876.6,113.7,-,457.3,-
Jharkhand,2011-12,3130.6,302.6,330.1,412.0,4175.3,155.5,-,457.3,0.0
Jharkhand,2012-13,3164.9,319.5,463.8,609.3,4557.5,197.2,-,461.9,0.0
Jharkhand,2013-14,2810.6,370.4,526.1,578.6,4285.7,182.9,-,462.8,0.0
Jharkhand,2014-15,3361.9,330.4,487.7,597.1,4777.0,177.6,-,469.8,0.0
Jharkhand,2015-16,2882.2,287.3,395.5,527.0,4092.1,176.5,-,708.9,0.0
Jharkhand,2016-17,3841.8,425.2,590.8,806.5,5664.4,264.0,-,512.9,0.0
Jharkhand,2017-18,4078.0,468.7,617.9,836.7,6001.3,297.0,-,574.8,0.0
Jharkhand,2018-19,2893.9,302.6,468.0,735.2,4399.7,228.4,-,-,-
Jharkhand,2019-20,3012.8,439.4,525.1,814.9,4792.3,288.5,-,-,-
Jharkhand,2020-21,2752.9,544.0,669.5,905.4,4871.7,404.9,-,-,-
Jharkhand,2021-22,2927.6,507.2,651.5,898.0,4984.2,398.2,-,-,-
Karnataka,2002-03,2390.1,147.7,3433.2,693.6,6664.6,1073.8,330.9,32485.3,4.2
Karnataka,2003-04,2550.3,96.2,3346.4,569.2,6562.1,934.1,264.6,16015.4,6.1
Karnataka,2004-05,3547.0,179.0,5977.0,792.0,10495.0,1570.0,688.0,14276.0,2.9
Karnataka,2005-06,5744.0,217.0,6564.0,964.0,13489.0,1715.0,554.0,18267.0,2.7
Karnataka,2006-07,3446.0,205.0,5055.0,893.0,9599.0,1125.0,610.0,28669.7,1.0
Karnataka,2007-08,3717.0,261.0,6943.0,1265.0,12186.0,1549.0,778.0,26240.0,1.0
Karnataka,2008-09,3802.0,247.0,6254.0,972.0,11275.0,1212.0,866.0,23328.0,1.0
Karnataka,2009-10,3691.0,251.0,5895.0,1118.0,10955.0,1005.0,868.2,30443.0,1.0
Karnataka,2010-11,4188.0,279.0,7845.3,1565.0,13877.3,1270.0,1200.0,39657.0,1.0
Karnataka,2011-12,3955.0,193.0,6813.0,1134.1,12095.1,942.0,1200.0,38808.0,1.0
Karnataka,2012-13,3364.0,179.0,6061.0,1259.3,10863.3,919.6,1255.0,35732.0,0.0
Karnataka,2013-14,3572.6,210.0,6825.8,1600.5,12208.9,1162.0,1875.0,37905.0,-
Karnataka,2014-15,3541.0,261.0,6946.0,1390.0,12138.0,959.0,2311.0,43776.0,0.0
Karnataka,2015-16,3021.0,156.0,5608.2,1138.8,9924.0,749.7,2000.0,37833.8,-
Karnataka,2016-17,2604.8,171.0,5281.0,1737.9,9794.7,805.8,1010.0,27378.0,0.1
Karnataka,2017-18,3017.1,230.2,6592.6,1951.2,11791.2,970.7,1844.0,31135.2,0.0
Karnataka,2018-19,3431.0,163.6,5519.9,1773.9,10888.4,782.6,1400.0,42408.0,-
Karnataka,2019-20,3634.5,179.7,6813.6,2155.9,12783.7,1039.7,2330.0,38181.0,-
Karnataka,2020-21,4291.7,262.1,7931.2,2065.0,14550.1,1249.1,2320.1,42528.0,-
Karnataka,2021-22,4333.4,211.5,7296.6,1967.9,13809.4,1173.6,1950.0,61152.0,-
Kerala,2002-03,688.9,-,4.0,6.8,699.7,1.4,5.5,312.8,-
Kerala,2003-04,570.0,-,4.0,5.0,579.0,2.3,4.7,291.0,-
Kerala,2004-05,667.1,-,0.9,2.9,670.9,1.9,4.4,283.0,-
Kerala,2005-06,629.9,-,1.5,6.9,638.3,2.6,3.5,916.5,-
Kerala,2006-07,631.0,-,1.1,8.4,640.5,3.2,2.0,440.0,-
Kerala,2007-08,528.5,-,2.8,8.4,539.7,2.4,1.7,218.0,-
Kerala,2008-09,590.3,-,1.7,6.3,598.3,1.6,1.5,275.5,-
Kerala,2009-10,598.3,-,2.2,10.3,610.8,1.2,1.3,285.0,-
Kerala,2010-11,522.7,-,1.4,3.0,527.1,2.1,-,271.8,-
Kerala,2011-12,569.0,-,0.6,2.5,572.1,2.3,-,263.0,-
Kerala,2012-13,508.3,-,0.3,3.2,511.8,1.1,-,165.7,-
Kerala,2013-14,509.2,-,0.3,2.8,512.4,1.0,-,221.5,-
Kerala,2014-15,562.1,-,0.3,1.4,563.8,0.8,-,148.5,-
Kerala,2015-16,549.3,-,0.3,4.3,553.8,0.7,-,138.1,-
Kerala,2016-17,437.1,-,0.2,1.7,439.0,0.6,-,113.1,-
Kerala,2017-18,521.3,-,0.4,2.0,523.8,0.5,-,115.1,-
Kerala,2018-19,578.3,-,0.6,2.3,581.2,0.4,-,106.3,-
Kerala,2019-20,605.6,-,0.7,2.2,608.4,0.2,-,120.8,-
Kerala,2020-21,633.8,-,0.7,1.9,636.4,0.3,0.0,106.7,-
Kerala,2021-22,630.0,-,0.8,1.5,632.2,0.3,0.0,119.0,-
Madhya Pradesh,2002-03,1031.8,4923.4,2418.1,2375.5,10748.8,3143.9,390.1,1563.0,1.1
Madhya Pradesh,2003-04,1750.3,7364.6,3353.8,3488.0,15956.7,5623.6,639.0,1873.7,1.8
Madhya Pradesh,2004-05,1169.0,7176.6,2330.0,3429.2,14104.8,4797.7,626.1,2148.0,1.4
Madhya Pradesh,2005-06,1656.3,5957.7,2348.4,3232.6,13195.0,5721.9,745.1,2425.0,1.2
Madhya Pradesh,2006-07,1368.4,7325.9,1849.6,3203.1,13747.0,5814.2,828.6,2806.0,1.8
Madhya Pradesh,2007-08,1461.9,6032.5,2122.5,2453.6,12070.5,6352.0,864.8,3180.0,1.8
Madhya Pradesh,2008-09,1559.7,6521.9,2149.9,3683.1,13914.6,6976.9,856.1,2975.0,1.3
Madhya Pradesh,2009-10,1260.6,8410.0,2041.2,4304.6,16016.4,7636.2,855.3,2535.0,1.4
Madhya Pradesh,2010-11,1772.1,7627.1,2166.6,3386.2,14952.1,8035.4,2000.0,2667.0,3.4
Madhya Pradesh,2011-12,2227.3,11538.5,2467.1,4161.9,20394.8,7727.8,2000.0,2677.0,2.1
Madhya Pradesh,2012-13,2775.0,13133.4,2616.2,5165.9,23690.4,9276.0,2200.0,2641.9,1.8
Madhya Pradesh,2013-14,2844.8,12937.0,2551.8,4644.3,22978.0,6634.9,1730.0,3173.7,2.5
Madhya Pradesh,2014-15,3625.3,17103.9,3129.5,4828.3,28687.0,7724.2,1750.0,4567.0,8.6
Madhya Pradesh,2015-16,3546.7,17688.7,3848.8,5302.4,30386.5,6171.0,1800.0,5281.0,6.0
Madhya Pradesh,2016-17,4226.8,17939.3,4766.9,6291.3,33224.4,8224.0,2050.7,4730.0,7.0
Madhya Pradesh,2017-18,4123.9,15910.8,5304.1,8111.6,33450.4,6949.0,1620.0,5430.0,11.0
Madhya Pradesh,2018-19,4494.7,16521.4,5147.2,6045.4,32208.7,8294.3,2329.0,5281.7,-
Madhya Pradesh,2019-20,4778.1,19607.1,5029.4,4108.4,33523.1,6451.7,1646.0,7433.8,2.2
Madhya Pradesh,2020-21,4413.8,18182.1,4953.7,5294.7,32844.2,6332.4,1338.6,5440.7,-
Madhya Pradesh,2021-22,4814.9,22418.5,5787.9,6032.5,39053.8,7923.8,1419.8,5379.1,-
Maharashtra,2002-03,1854.0,984.0,5938.0,2058.1,10834.1,2356.0,2596.0,42617.0,30.0
Maharashtra,2003-04,2835.0,778.0,4750.0,1960.0,10323.0,2921.0,3080.0,25668.0,27.0
Maharashtra,2004-05,2164.0,1016.0,5696.7,1664.0,10540.7,2744.1,2939.0,20475.0,35.5
Maharashtra,2005-06,2695.0,1300.0,6087.0,2005.0,12087.0,3373.0,3160.0,38853.0,36.0
Maharashtra,2006-07,2569.0,1631.1,6141.0,2304.0,12645.1,3721.0,4618.0,78568.0,33.0
Maharashtra,2007-08,2996.0,2078.7,7093.0,3024.0,15191.7,4874.0,7015.0,88437.0,33.0
Maharashtra,2008-09,2284.0,1516.0,5971.6,1656.0,11427.6,3409.7,4752.0,60648.0,26.0
Maharashtra,2009-10,2183.0,1740.0,6293.3,2370.0,12586.3,2814.0,5859.3,64159.0,26.0
Maharashtra,2010-11,2696.0,2301.0,7323.6,3099.8,15420.4,5040.0,8500.0,81895.7,28.0
Maharashtra,2011-12,2841.0,1313.0,6122.0,2268.0,12544.0,4485.0,7200.0,86733.1,19.0
Maharashtra,2012-13,3057.0,1181.0,4429.3,2306.0,10973.3,5086.8,7655.0,69648.1,31.0
Maharashtra,2013-14,3120.0,1602.0,5955.2,3169.0,13846.2,5293.9,8834.0,76901.0,35.0
Maharashtra,2014-15,2946.0,1308.0,5004.9,2053.0,11311.9,2850.2,7000.0,84699.0,-
Maharashtra,2015-16,2593.0,981.0,3635.7,1544.7,8754.4,2436.1,7500.0,73679.6,-
Maharashtra,2016-17,3109.5,1875.1,6579.0,3768.1,15331.6,5113.5,10618.8,52262.5,-
Maharashtra,2017-18,2730.8,1696.8,5471.3,3347.8,13246.7,4206.4,6094.0,82984.0,-
Maharashtra,2018-19,3275.7,1249.2,3096.7,2682.5,10304.1,4885.0,6593.0,89768.2,-
Maharashtra,2019-20,2897.6,1793.7,4392.6,3736.0,12819.9,5177.0,6639.0,69311.9,-
Maharashtra,2020-21,3291.7,2071.1,6082.1,4321.2,15766.1,6718.3,10105.1,105137.6,-
Maharashtra,2021-22,3631.5,2473.7,5839.6,5192.4,17137.2,5897.4,7117.6,110537.3,-
Maharashtra,2002-03,332.6,-,8.5,2.6,343.7,0.4,-,20.6,-
Maharashtra,2003-04,381.2,-,7.5,3.2,391.9,0.4,-,22.0,-
Maharashtra,2004-05,435.9,-,8.9,3.0,447.8,0.8,-,21.8,-
Maharashtra,2005-06,386.1,-,7.9,4.5,398.5,0.7,-,23.0,-
Maharashtra,2006-07,386.1,-,7.9,4.5,398.5,0.7,-,23.0,-
Maharashtra,2007-08,406.2,-,8.4,7.2,421.8,0.9,-,16.8,-
Maharashtra,2008-09,397.0,-,11.5,6.5,415.0,0.7,-,21.3,-
Maharashtra,2009-10,319.9,-,11.7,7.2,338.9,0.7,-,21.3,-
Maharashtra,2010-11,521.7,5.3,41.5,24.2,592.7,26.7,-,301.3,-
Maharashtra,2011-12,591.0,5.4,45.9,26.9,669.1,28.3,-,333.0,-
Maharashtra,2012-13,257.6,6.0,44.7,28.4,336.7,32.1,-,311.7,-
Maharashtra,2013-14,398.5,5.6,58.6,29.9,492.6,31.0,-,339.3,-
Maharashtra,2014-15,334.1,5.6,58.8,30.8,429.3,31.7,-,339.3,-
Maharashtra,2015-16,338.8,5.6,61.6,29.8,435.7,31.8,-,348.0,-
Maharashtra,2016-17,430.4,5.6,58.8,30.3,525.1,32.3,-,348.0,-
Maharashtra,2017-18,607.8,5.6,63.1,30.0,706.5,32.8,-,348.0,-
Maharashtra,2018-19,401.6,5.7,58.2,29.5,495.0,32.2,-,315.1,-
Maharashtra,2019-20,385.5,5.8,4.9,25.2,421.4,27.4,-,-,-
Maharashtra,2020-21,602.2,5.8,59.7,29.4,697.1,32.6,-,279.4,-
Maharashtra,2021-22,-,-,-,-,-,-,-,-,-
Meghalaya,2002-03,190.9,4.7,28.2,3.3,227.1,6.5,7.8,0.2,56.4
Meghalaya,2003-04,200.7,1.5,28.1,3.5,233.8,6.4,7.8,0.2,56.2
Meghalaya,2004-05,193.7,1.6,26.3,3.6,225.2,6.5,7.8,0.2,39.2
Meghalaya,2005-06,151.9,1.2,26.4,3.6,183.1,6.7,7.8,0.2,55.7
Meghalaya,2006-07,200.2,1.2,27.2,2.9,231.5,6.6,7.7,0.2,55.1
Meghalaya,2007-08,200.0,1.1,27.4,3.3,231.8,6.7,6.5,0.3,54.9
Meghalaya,2008-09,203.9,0.7,27.8,3.9,236.3,7.1,5.6,0.3,54.6
Meghalaya,2009-10,206.7,0.7,28.2,3.6,239.2,7.0,5.5,0.2,53.1
Meghalaya,2010-11,207.0,0.7,27.6,3.7,239.0,7.1,-,0.2,52.6
Meghalaya,2011-12,216.5,0.6,28.3,3.7,249.1,7.6,-,0.2,50.4
Meghalaya,2012-13,232.0,0.7,28.7,3.7,265.0,6.9,-,0.2,53.2
Meghalaya,2013-14,273.9,0.8,42.1,3.2,320.0,14.1,-,0.3,89.9
Meghalaya,2014-15,298.2,0.8,43.4,11.3,353.8,14.9,-,0.3,92.5
Meghalaya,2015-16,301.1,0.9,44.0,11.7,357.7,15.2,-,0.4,94.5
Meghalaya,2016-17,203.0,0.9,44.4,11.8,260.1,15.0,-,0.4,94.7
Meghalaya,2017-18,304.6,0.9,44.4,11.9,361.8,15.1,-,0.4,94.8
Meghalaya,2018-19,202.0,0.9,44.4,13.4,260.7,15.1,-,0.4,94.9
Meghalaya,2019-20,303.4,0.9,44.5,12.0,360.8,15.1,-,0.4,95.0
Meghalaya,2020-21,295.8,0.9,44.5,12.0,353.3,15.2,8.6,0.4,95.0
Meghalaya,2021-22,-,-,-,-,-,-,-,-,-
Mizoram,2002-03,109.2,-,14.9,5.0,129.1,5.1,1.0,7.4,-
Mizoram,2003-04,114.6,-,20.3,4.5,139.4,5.4,1.3,3.6,-
Mizoram,2004-05,104.1,-,15.7,4.8,124.6,5.6,1.3,5.7,-
Mizoram,2005-06,99.2,-,22.7,7.9,129.8,5.4,0.2,4.6,-
Mizoram,2006-07,29.5,-,21.0,5.8,56.3,3.8,5.2,4.6,-
Mizoram,2007-08,15.7,-,0.7,2.7,19.1,0.8,0.6,0.8,-
Mizoram,2008-09,46.0,-,9.3,3.6,58.9,2.5,0.1,13.7,-
Mizoram,2009-10,44.3,-,11.5,6.5,62.3,3.0,0.8,12.4,-
Mizoram,2010-11,47.2,-,13.6,6.1,66.9,3.8,-,7.9,-
Mizoram,2011-12,54.3,-,8.4,5.3,68.0,2.4,-,7.5,-
Mizoram,2012-13,30.5,-,8.0,3.3,41.8,2.2,-,6.8,-
Mizoram,2013-14,59.0,-,8.2,5.7,72.8,2.4,-,7.0,-
Mizoram,2014-15,60.7,-,8.6,6.0,75.3,2.4,-,44.3,-
Mizoram,2015-16,62.1,-,10.3,5.0,77.4,3.0,-,51.3,-
Mizoram,2016-17,61.5,-,8.9,4.8,75.2,2.5,-,50.5,-
Mizoram,2017-18,59.6,-,9.5,5.1,74.2,2.4,-,44.8,-
Mizoram,2018-19,60.0,-,11.0,5.9,76.9,2.8,-,44.3,-
Mizoram,2019-20,60.0,-,11.0,5.5,76.5,2.8,-,44.3,-
Mizoram,2020-21,62.2,-,12.6,5.9,80.7,2.9,0.0,43.0,-
Mizoram,2021-22,-,-,-,-,-,-,-,-,-
Nagaland,2002-03,225.0,17.0,118.0,28.0,388.0,74.0,5.0,80.0,5.5
Nagaland,2003-04,248.0,20.0,108.3,33.5,409.8,66.8,0.2,130.0,6.1
Nagaland,2004-05,259.8,13.0,105.5,25.2,403.5,81.9,0.2,142.1,6.7
Nagaland,2005-06,263.1,1.9,120.1,39.7,424.8,62.8,1.7,210.9,10.5
Nagaland,2006-07,263.5,1.3,126.4,45.0,436.2,62.6,0.2,233.9,5.9
Nagaland,2007-08,290.6,1.6,139.4,41.6,473.2,68.1,0.3,247.3,6.4
Nagaland,2008-09,345.1,2.1,127.3,39.7,514.2,71.5,0.1,185.8,1.3
Nagaland,2009-10,240.3,2.4,76.8,34.7,354.2,84.6,-,152.9,2.0
Nagaland,2010-11,381.4,5.3,145.2,36.4,568.3,66.3,-,184.9,8.4
Nagaland,2011-12,382.4,5.4,144.0,34.7,566.5,66.8,-,186.7,8.5
Nagaland,2012-13,405.2,5.9,145.9,43.6,600.6,67.5,-,187.6,7.7
Nagaland,2013-14,429.6,5.5,147.0,42.5,624.6,67.9,-,188.5,7.8
Nagaland,2014-15,454.2,5.6,147.5,42.4,649.6,68.1,-,189.3,7.8
Nagaland,2015-16,318.8,6.0,148.0,43.1,515.8,68.6,-,190.2,7.9
Nagaland,2016-17,336.7,6.2,149.5,44.5,536.9,68.9,-,192.4,7.9
Nagaland,2017-18,349.6,6.3,150.3,46.1,552.3,69.2,-,192.7,44.3
Nagaland,2018-19,356.7,6.3,148.8,46.4,558.1,69.5,-,193.2,44.5
Nagaland,2019-20,363.3,6.3,149.0,46.8,565.4,70.8,-,193.6,44.6
Nagaland,2020-21,367.4,6.3,149.4,47.1,570.2,70.2,0.0,203.0,38.1
Nagaland,2021-22,-,-,-,-,-,-,-,-,-
Odisha,2002-03,3276.7,5.8,96.8,194.4,3573.7,93.7,49.9,753.2,148.1
Odisha,2003-04,6733.7,7.5,143.0,272.7,7156.9,156.9,88.2,858.1,127.3
Odisha,2004-05,6466.0,5.0,169.1,249.6,6889.7,179.5,111.2,859.9,145.9
Odisha,2005-06,6859.0,4.5,159.9,336.3,7359.7,187.7,144.8,1073.0,141.5
Odisha,2006-07,6824.7,5.8,162.4,351.8,7344.7,175.1,107.9,1274.4,132.4
Odisha,2007-08,7540.7,8.7,210.4,383.5,8143.3,196.6,124.7,1096.2,151.1
Odisha,2008-09,6812.7,7.4,191.7,387.3,7399.1,180.3,146.6,646.2,114.7
Odisha,2009-10,6917.5,5.8,230.3,399.3,7552.9,172.2,147.2,489.9,112.0
Odisha,2010-11,6827.7,4.2,360.5,426.9,7619.3,179.8,250.0,902.7,113.5
Odisha,2011-12,5807.0,2.4,259.4,343.4,6412.3,165.8,325.0,884.7,101.2
Odisha,2012-13,7295.5,2.0,287.0,424.4,8008.8,170.3,400.0,952.4,83.8
Odisha,2013-14,7613.4,1.1,325.7,419.3,8359.4,168.8,299.0,936.5,82.3
Odisha,2014-15,8298.2,0.7,242.3,440.3,8980.5,141.5,400.0,722.9,68.4
Odisha,2015-16,5875.4,0.5,157.2,375.1,6408.2,120.1,300.0,577.2,56.8
Odisha,2016-17,8325.9,0.1,256.2,479.1,9061.3,121.2,382.0,344.3,32.8
Odisha,2017-18,6551.3,0.2,170.2,429.6,7151.3,93.1,408.0,240.1,44.2
Odisha,2018-19,7733.7,0.3,169.1,412.1,8315.2,91.1,455.0,417.8,32.4
Odisha,2019-20,8360.4,0.2,237.1,432.5,9030.1,99.5,579.0,505.0,25.2
Odisha,2020-21,8810.3,0.3,281.8,431.2,9523.6,135.1,551.0,381.3,28.9
Odisha,2021-22,9136.0,0.3,351.7,462.9,9950.8,146.5,626.4,397.6,67.3
Punjab,2002-03,8880.0,14175.0,402.3,33.9,23491.2,90.9,1083.0,9290.0,-
Punjab,2003-04,9656.0,14489.0,545.0,39.4,24729.4,103.8,1478.0,6620.0,-
Punjab,2004-05,10437.0,14698.0,504.0,31.7,25670.7,100.4,2087.0,5170.0,-
Punjab,2005-06,10193.0,14493.0,472.0,26.2,25184.2,89.6,2395.0,4860.0,-
Punjab,2006-07,10138.0,14596.0,552.0,27.1,25313.1,78.2,2678.0,6020.0,-
Punjab,2007-08,10489.0,15720.0,583.1,23.0,26815.1,76.5,2355.0,6690.0,-
Punjab,2008-09,11000.0,15733.0,575.1,21.7,27329.8,76.2,2285.0,4670.0,-
Punjab,2009-10,11236.0,15169.0,527.1,18.0,26950.1,83.4,2006.0,3700.0,-
Punjab,2010-11,10837.0,16472.0,538.0,19.3,27866.3,71.5,2100.0,4170.0,-
Punjab,2011-12,10542.0,17280.1,552.0,15.0,28389.1,68.0,2300.0,5653.0,-
Punjab,2012-13,11374.0,16591.0,525.0,53.0,28543.0,69.4,2000.0,5919.0,-
Punjab,2013-14,11267.0,17620.0,553.8,39.6,29480.4,64.2,1968.0,6675.0,-
Punjab,2014-15,11107.0,15050.0,499.4,41.6,26698.0,57.7,1600.0,7039.0,-
Punjab,2015-16,11823.0,16077.0,457.3,43.5,28400.8,56.8,750.0,6607.0,-
Punjab,2016-17,11586.2,16440.5,477.2,33.0,28536.9,57.8,1031.0,7152.0,-
Punjab,2017-18,13381.8,17830.4,453.2,26.5,31691.9,59.5,1283.0,8023.7,-
Punjab,2018-19,12821.6,18261.8,421.3,27.7,31532.3,59.5,1222.0,7773.7,-
Punjab,2019-20,11779.3,17615.6,433.3,29.2,29857.3,58.4,1206.0,7302.0,-
Punjab,2020-21,12783.6,17186.0,417.6,31.1,30418.3,58.8,1022.7,7487.0,-
Punjab,2021-22,12885.5,14821.9,431.5,73.2,28212.1,88.2,646.7,7146.6,-
Rajasthan,2002-03,67.9,4878.0,2105.6,484.5,7536.0,1754.6,252.4,421.7,-
Rajasthan,2003-04,164.8,5875.8,9674.8,2278.4,17993.8,3996.8,709.0,309.4,-
Rajasthan,2004-05,150.4,5706.6,4956.4,1337.4,12150.8,5541.1,764.6,276.6,-
Rajasthan,2005-06,153.0,5865.3,4528.6,898.1,11445.0,5964.0,880.5,482.6,-
Rajasthan,2006-07,169.8,7055.8,5501.9,1481.3,14208.8,5166.8,746.8,629.7,-
Rajasthan,2007-08,259.6,7124.9,7121.4,1552.8,16058.7,4197.6,862.2,593.8,-
Rajasthan,2008-09,241.1,7287.0,7325.7,1826.4,16680.2,5178.4,725.7,388.2,-
Rajasthan,2009-10,228.3,7500.9,3907.2,713.7,12350.1,4407.2,903.1,344.5,-
Rajasthan,2010-11,265.5,7214.5,8092.5,3259.7,18832.2,6604.8,900.0,367.9,-
Rajasthan,2011-12,253.4,9319.6,7464.7,2432.1,19469.7,5744.5,1335.0,451.3,-
Rajasthan,2012-13,222.5,9275.5,6912.9,1956.8,18367.7,6364.6,1400.0,401.8,-
Rajasthan,2013-14,312.6,8663.2,6432.9,2490.9,17899.6,6033.8,1287.0,362.9,-
Rajasthan,2014-15,366.7,9823.9,7479.5,1951.8,19621.9,5314.3,1527.0,408.9,-
Rajasthan,2015-16,369.8,9871.0,5808.9,1990.2,18039.9,5692.5,1214.0,531.3,-
Rajasthan,2016-17,452.7,8985.3,6734.5,3181.2,19353.6,6240.2,1401.9,488.7,-
Rajasthan,2017-18,450.9,9368.5,6732.2,3405.4,19957.0,6111.3,1893.0,381.9,-
Rajasthan,2018-19,453.2,10082.9,6993.3,3759.4,21288.8,6899.1,2026.0,447.9,-
Rajasthan,2019-20,480.5,10916.1,7333.3,4497.1,23227.1,6769.2,2788.0,326.2,-
Rajasthan,2020-21,634.0,11035.4,8360.9,4252.0,24282.3,7984.6,3207.6,393.7,-
Rajasthan,2021-22,478.6,9484.1,7067.2,4019.4,21049.3,8385.9,2481.0,321.6,-
Sikkim,2002-03,21.2,8.9,59.9,6.6,96.6,7.1,-,-,-
Sikkim,2003-04,21.2,8.1,63.8,6.8,99.9,7.4,-,-,-
Sikkim,2004-05,21.6,8.3,67.4,6.6,103.9,7.6,-,-,-
Sikkim,2005-06,21.5,9.0,63.7,6.1,100.3,7.2,-,-,-
Sikkim,2006-07,21.5,9.0,63.7,6.1,100.3,7.2,-,-,-
Sikkim,2007-08,22.9,4.5,72.6,11.6,111.6,7.5,-,-,-
Sikkim,2008-09,21.7,7.8,66.2,11.8,107.5,7.4,-,-,-
Sikkim,2009-10,24.3,5.9,74.2,12.9,117.3,9.4,-,-,-
Sikkim,2010-11,21.0,2.7,74.8,11.9,110.3,7.9,-,-,-
Sikkim,2011-12,20.9,2.7,73.8,5.9,103.2,7.8,-,-,-
Sikkim,2012-13,21.3,0.6,78.3,5.8,106.0,7.1,-,-,-
Sikkim,2013-14,20.3,0.4,75.9,5.8,102.4,7.1,-,-,-
Sikkim,2014-15,20.1,0.4,75.9,5.8,102.2,7.1,-,-,-
Sikkim,2015-16,13.1,0.4,75.3,5.4,94.1,6.3,-,-,-
Sikkim,2016-17,19.7,0.4,75.9,5.5,101.3,6.4,-,-,-
Sikkim,2017-18,17.6,0.2,71.0,5.1,93.9,5.8,-,-,-
Sikkim,2018-19,17.2,0.2,69.8,4.8,92.0,5.6,-,-,-
Sikkim,2019-20,16.1,0.2,70.7,5.0,92.1,5.6,-,-,-
Sikkim,2020-21,16.2,0.1,70.5,5.0,91.8,5.7,-,-,-
Sikkim,2021-22,-,-,-,-,-,-,-,-,-
Tamil Nadu,2002-03,3577.1,-,682.8,182.2,4442.1,760.0,83.5,24165.4,3.9
Tamil Nadu,2003-04,3222.8,-,983.0,200.8,4406.6,963.6,122.7,17656.0,3.5
Tamil Nadu,2004-05,5062.2,-,868.0,245.6,6175.8,1061.1,194.8,23396.0,1.1
Tamil Nadu,2005-06,5220.0,-,730.2,177.0,6127.2,1152.9,213.3,35106.5,-
Tamil Nadu,2006-07,6610.6,-,1361.9,290.5,8263.0,1083.5,220.9,41124.0,-
Tamil Nadu,2007-08,5040.2,-,1357.1,185.0,6582.3,1146.7,200.7,38071.0,-
Tamil Nadu,2008-09,5182.7,-,1755.1,164.5,7102.3,1043.0,187.7,32804.4,-
Tamil Nadu,2009-10,5665.2,-,1642.0,204.1,7511.4,939.6,225.0,29745.6,-
Tamil Nadu,2010-11,5792.4,-,1556.5,246.0,7594.9,933.1,450.0,34251.8,-
Tamil Nadu,2011-12,7458.7,-,2323.8,369.3,10151.8,1113.7,450.0,38575.7,-
Tamil Nadu,2012-13,4049.9,-,1333.0,209.9,5592.8,816.9,500.0,33919.2,-
Tamil Nadu,2013-14,5349.8,-,2819.7,613.8,8783.2,964.2,408.0,32454.1,-
Tamil Nadu,2014-15,5727.8,-,3142.6,753.2,9623.7,985.3,686.0,28092.8,-
Tamil Nadu,2015-16,7517.1,-,3406.6,554.8,11478.5,932.2,369.0,25494.1,-
Tamil Nadu,2016-17,2369.4,-,1345.2,427.1,4141.6,604.1,359.0,18987.6,-
Tamil Nadu,2017-18,6638.9,-,3518.4,556.3,10713.6,1038.0,445.0,17154.0,-
Tamil Nadu,2018-19,6130.9,-,3708.0,551.2,10390.1,940.9,269.0,17140.2,-
Tamil Nadu,2019-20,7171.1,-,3493.2,605.4,11269.8,1075.0,418.0,14119.1,-
Tamil Nadu,2020-21,6881.2,-,3470.0,472.5,10823.6,1062.9,243.2,13284.6,-
Tamil Nadu,2021-22,8067.3,-,3506.0,473.0,12046.3,981.5,359.6,15457.7,-
Telangana,2015-16,3047.0,8.5,1834.0,239.6,5129.0,496.0,3661.0,2405.0,-
Telangana,2016-17,5173.4,7.0,2768.2,536.0,8484.6,723.0,3444.0,2061.0,-
Telangana,2017-18,6262.2,5.6,2639.3,514.0,9421.1,669.8,5195.0,2604.5,-
Telangana,2018-19,6670.0,9.4,2155.7,440.1,9275.2,589.2,3847.0,3183.6,-
Telangana,2019-20,7427.8,9.2,3138.9,549.2,11125.0,639.2,6833.0,2012.9,-
Telangana,2020-21,10217.1,15.8,1922.9,589.7,12745.6,574.0,5797.9,1751.0,-
Telangana,2021-22,12302.2,10.9,2241.8,540.5,15095.4,697.4,6067.0,2851.0,-
Tripura,2002-03,602.3,1.8,2.2,5.5,611.8,3.5,1.6,56.2,23.3
Tripura,2003-04,516.6,5.1,2.2,5.2,529.1,3.8,1.7,47.5,22.1
Tripura,2004-05,545.1,2.8,3.0,5.5,556.4,3.9,1.5,52.4,22.5
Tripura,2005-06,552.9,2.9,2.2,5.6,563.6,3.9,1.6,52.6,23.3
Tripura,2006-07,620.5,1.8,2.4,5.3,630.0,3.1,1.6,42.4,11.8
Tripura,2007-08,624.6,1.9,2.1,4.7,633.3,2.7,1.5,46.7,10.5
Tripura,2008-09,627.1,1.2,2.0,4.4,634.7,2.5,1.4,51.7,8.7
Tripura,2009-10,640.0,1.3,2.0,4.5,647.9,2.5,1.4,44.9,9.4
Tripura,2010-11,702.5,0.6,4.1,5.2,712.4,3.4,-,46.5,10.7
Tripura,2011-12,718.3,0.5,5.1,6.0,729.9,3.5,-,45.0,10.7
Tripura,2012-13,713.2,1.3,4.7,6.0,725.2,2.4,-,45.4,10.3
Tripura,2013-14,711.8,0.3,5.9,8.7,726.7,4.6,-,49.6,12.4
Tripura,2014-15,747.0,0.3,5.9,8.4,761.6,7.1,-,-,10.6
Tripura,2015-16,794.9,0.4,12.2,10.9,818.3,9.0,-,-,11.2
Tripura,2016-17,814.6,0.5,21.3,23.2,859.6,12.5,-,-,10.3
Tripura,2017-18,812.1,0.4,23.6,19.3,855.3,13.8,-,42.5,10.0
Tripura,2018-19,793.2,0.3,23.9,18.9,836.3,14.0,-,35.9,10.0
Tripura,2019-20,810.2,0.3,24.1,18.7,853.3,14.4,-,36.4,5.3
Tripura,2020-21,803.1,0.1,44.2,20.3,867.6,13.2,0.9,48.6,6.2
Tripura,2021-22,-,-,-,-,-,-,-,-,-
Uttar Pradesh,2002-03,9594.9,23612.4,2732.3,2202.0,38141.6,881.4,4.4,120948.0,-
Uttar Pradesh,2003-04,13018.8,25566.7,3260.7,2400.3,44246.5,927.8,4.2,112754.0,-
Uttar Pradesh,2004-05,9555.6,22513.9,3391.8,2375.0,37836.3,952.3,5.1,118715.6,-
Uttar Pradesh,2005-06,11133.7,24073.8,2971.2,2231.5,40410.2,1066.5,5.2,125469.9,-
Uttar Pradesh,2006-07,11124.0,25031.0,3084.4,1975.1,41214.5,1033.3,7.0,133949.4,-
Uttar Pradesh,2007-08,11780.0,25679.0,3058.9,1576.9,42094.8,1146.8,6.8,124665.3,-
Uttar Pradesh,2008-09,13097.0,28554.0,3080.2,1998.1,46729.3,1164.5,0.8,109048.0,-
Uttar Pradesh,2009-10,10807.1,27518.0,2968.8,1901.4,43195.3,816.0,5.0,117140.0,-
Uttar Pradesh,2010-11,11992.0,30001.0,3217.6,2037.0,47247.6,919.5,-,120545.0,-
Uttar Pradesh,2011-12,14022.0,30292.6,3566.0,2403.0,50283.6,935.0,-,128819.0,-
Uttar Pradesh,2012-13,14416.0,30301.9,3695.5,2332.0,50745.4,1030.5,-,132427.7,-
Uttar Pradesh,2013-14,14636.0,29890.9,3803.2,1697.4,50027.5,895.8,-,134688.6,-
Uttar Pradesh,2014-15,12167.9,22417.4,3570.0,1438.7,39594.0,787.2,-,133061.4,-
Uttar Pradesh,2015-16,12501.0,25425.2,3460.0,1164.6,42550.8,864.5,-,145385.0,-
Uttar Pradesh,2016-17,13754.0,30056.0,3909.0,2184.4,49903.1,1050.2,-,140169.2,-
Uttar Pradesh,2017-18,13274.0,31879.1,4016.8,2200.0,51369.9,1145.7,-,177033.3,-
Uttar Pradesh,2018-19,15545.3,32741.3,3948.8,2408.0,54643.4,1330.8,-,179714.8,-
Uttar Pradesh,2019-20,15517.8,33815.5,4388.5,2447.3,56169.1,1146.2,-,179539.1,-
Uttar Pradesh,2020-21,15520.0,35506.6,4604.4,2475.9,58106.9,1276.2,6.5,178339.3,-
Uttar Pradesh,2021-22,15273.4,33949.7,4327.1,2562.9,56113.0,1239.0,8.6,177425.5,-
Uttarakhand,2002-03,483.0,750.0,297.0,29.1,1559.1,23.0,-,7331.7,-
Uttarakhand,2003-04,569.0,745.0,381.0,29.0,1724.0,34.0,-,7651.0,-
Uttarakhand,2004-05,572.0,803.0,358.0,28.0,1761.0,38.0,-,6441.0,-
Uttarakhand,2005-06,590.0,645.0,323.0,36.0,1594.0,30.0,-,6134.0,-
Uttarakhand,2006-07,556.0,801.0,344.0,34.0,1735.0,21.0,-,6100.0,-
Uttarakhand,2007-08,593.0,814.0,339.0,50.0,1796.0,29.0,-,7686.0,-
Uttarakhand,2008-09,582.0,797.0,347.0,39.0,1765.0,26.0,-,5590.0,-
Uttarakhand,2009-10,608.0,845.0,297.0,46.0,1796.0,33.0,-,5842.0,-
Uttarakhand,2010-11,550.4,878.0,335.0,52.1,1815.5,27.5,-,6497.6,-
Uttarakhand,2011-12,594.0,878.0,331.0,49.0,1852.0,32.5,-,6311.0,-
Uttarakhand,2012-13,579.8,858.2,338.4,51.3,1827.7,39.7,-,6784.8,-
Uttarakhand,2013-14,578.6,842.4,298.9,56.5,1776.5,34.1,-,5939.8,-
Uttarakhand,2014-15,603.7,654.2,313.6,54.6,1626.0,29.6,-,6165.1,-
Uttarakhand,2015-16,639.1,772.4,282.8,51.6,1745.9,35.6,-,5885.8,-
Uttarakhand,2016-17,630.0,882.0,308.0,53.0,1873.0,26.0,-,6477.0,-
Uttarakhand,2017-18,646.7,915.4,286.9,54.2,1903.2,26.6,-,6271.4,-
Uttarakhand,2018-19,617.6,951.6,251.7,55.3,1876.1,27.2,-,6329.3,-
Uttarakhand,2019-20,658.4,904.1,265.8,57.8,1886.0,25.1,-,6937.7,-
Uttarakhand,2020-21,714.9,955.3,270.3,61.3,2001.8,26.2,-,3680.0,-
Uttarakhand,2021-22,710.7,863.6,278.0,63.1,1915.4,28.9,-,3520.0,-
West Bengal,2002-03,14389.2,887.4,77.9,167.6,15522.1,476.1,1.5,1281.3,8578.1
West Bengal,2003-04,14662.3,985.7,150.0,211.7,16009.7,650.7,2.8,1252.6,8465.5
West Bengal,2004-05,14884.8,841.5,162.0,167.1,16055.4,652.9,3.0,1033.2,7934.8
West Bengal,2005-06,14510.8,773.5,150.3,174.3,15608.9,610.4,6.0,1247.7,8114.5
West Bengal,2006-07,14745.9,799.9,274.7,154.0,15974.5,645.4,14.7,1266.7,8506.0
West Bengal,2007-08,14719.5,917.3,265.8,147.6,16050.2,705.1,13.2,1272.0,8293.5
West Bengal,2008-09,15037.3,764.5,365.4,128.5,16295.7,582.6,6.0,1638.3,7965.5
West Bengal,2009-10,14340.7,846.7,404.0,150.1,15741.5,727.1,3.3,1000.8,9400.1
West Bengal,2010-11,13045.9,874.4,370.4,176.1,14466.9,703.6,-,1134.1,8214.2
West Bengal,2011-12,14605.8,872.9,376.4,130.6,15985.7,672.4,-,1681.4,8623.0
West Bengal,2012-13,15023.7,895.9,434.6,192.3,16546.5,850.7,-,1617.0,8310.8
West Bengal,2013-14,15370.7,927.8,538.6,241.7,17078.9,909.9,-,1945.0,8882.4
West Bengal,2014-15,14677.2,939.3,678.9,236.5,16531.8,901.4,-,2105.5,8453.7
West Bengal,2015-16,15953.9,960.0,732.7,334.0,17980.6,926.9,-,2075.0,7776.8
West Bengal,2016-17,15302.5,862.7,721.6,259.7,17146.4,908.7,-,1549.8,8349.6
West Bengal,2017-18,14967.0,312.0,1154.7,443.8,16877.5,1134.1,-,1437.0,7637.9
West Bengal,2018-19,16242.2,337.8,1741.5,368.4,18689.9,1163.6,-,1335.4,7770.2
West Bengal,2019-20,15881.4,509.9,2018.1,384.9,18794.3,1015.7,-,1527.6,8067.4
West Bengal,2020-21,16524.4,594.7,2443.6,441.9,20004.6,1112.3,0.9,1418.3,7592.8
West Bengal,2021-22,16762.7,661.5,2651.0,427.1,20502.3,1192.9,0.8,1518.5,8356.4
All States,2002-03,71684.9,65679.7,26054.7,11116.4,174535.7,14832.5,8622.1,287159.9,11275.4
All States,2003-04,88390.8,72052.9,37589.0,14896.9,212929.6,25181.8,13727.3,233711.2,11172.9
All States,2004-05,82995.1,68564.8,33444.7,13121.0,198125.6,24345.1,16425.7,236955.4,10272.3
All States,2005-06,91651.4,69274.0,34051.8,13375.6,208352.8,27971.7,18498.7,281008.6,10839.6
All States,2006-07,93206.2,75727.9,33904.8,14188.5,217027.4,24285.8,22631.5,355359.8,11273.0
All States,2007-08,96559.0,78492.9,40734.4,14752.4,230538.7,29750.9,25883.9,347956.0,11210.5
All States,2008-09,99051.0,80603.9,40018.9,14557.4,234231.2,27716.5,22276.2,284864.0,10365.3
All States,2009-10,88969.9,80709.9,33542.8,14652.9,217875.4,24875.5,24021.8,292052.3,11817.4
All States,2010-11,95850.3,86757.4,43381.5,18230.5,244225.0,32476.7,32850.0,342101.6,10620.2
All States,2011-12,105193.4,94791.6,42005.0,17082.2,259077.6,29793.1,34360.0,360693.1,11398.6
All States,2012-13,105113.1,93440.9,40037.0,18308.3,256899.2,30930.2,34110.0,340842.2,10930.1
All States,2013-14,106520.8,95764.9,43284.6,19190.3,264817.2,32748.2,35809.0,351777.4,11690.2
All States,2014-15,105335.0,86440.8,42850.9,17145.0,251796.8,27509.6,34715.0,361959.0,11126.1
All States,2015-16,104294.9,92201.6,38512.0,16318.0,251326.5,25245.1,29875.0,348232.1,10523.6
All States,2016-17,109582.7,98422.7,43763.2,23124.1,274892.7,31270.2,32477.4,306054.5,10962.4
All States,2017-18,112647.6,99655.1,46613.9,24862.4,278848.1,31330.9,32683.0,369315.0,10032.9
All States,2018-19,116354.1,103512.9,43050.2,22070.8,284987.9,31516.2,27924.0,405198.5,9819.7
All States,2019-20,118733.5,107775.1,47739.3,23021.5,297269.3,33213.8,36048.0,370296.9,9876.8
All States,2020-21,124249.0,109493.2,51309.1,25461.3,310512.8,35940.8,35247.5,405211.7,9354.4
All States,2021-22,126846.3,106184.8,49762.6,27527.3,310320.8,37430.0,31191.6,439607.9,10253.3
Union Territories,2002-03,169.8,81.1,10.7,8.6,235.7,5.9,1.6,223.3,-
Union Territories,2003-04,181.2,103.3,12.8,8.3,259.8,4.5,1.7,150.6,-
Union Territories,2004-05,182.0,72.1,19.9,8.5,237.2,8.4,2.9,133.0,-
Union Territories,2005-06,178.4,80.5,17.4,8.8,248.8,6.2,0.3,163.2,-
Union Territories,2006-07,183.1,78.8,17.6,9.0,254.7,3.6,0.3,159.9,-
Union Territories,2007-08,164.4,77.3,15.1,9.1,236.3,4.4,0.2,231.9,-
Union Territories,2008-09,157.5,75.5,18.4,9.0,235.0,2.5,-,165.3,-
Union Territories,2009-10,152.3,93.7,5.9,8.9,232.0,6.2,-,249.3,-
Union Territories,2010-11,158.8,111.3,15.2,10.4,266.8,2.3,-,280.0,-
Union Territories,2011-12,143.9,85.1,36.0,6.7,245.6,5.6,-,343.4,-
Union Territories,2012-13,153.5,65.6,7.2,7.1,198.4,9.5,-,357.5,-
Union Territories,2013-14,161.6,84.9,10.3,6.1,201.0,1.2,-,364.4,-
Union Territories,2014-15,147.1,85.9,11.1,7.3,226.1,1.2,90.0,373.7,-
Union Territories,2015-16,113.4,85.9,10.3,5.5,215.1,5.6,130.0,216.3,-
Union Territories,2016-17,115.7,87.5,8.9,6.8,219.0,5.4,100.0,14.5,-
Union Territories,2017-18,110.1,83.8,9.0,3.9,206.7,5.5,122.0,195.8,-
Union Territories,2018-19,123.8,83.3,9.2,5.1,221.4,5.6,118.0,217.7,-
Union Territories,2019-20,136.8,85.4,9.1,3.8,235.1,5.5,17.0,203.4,-
Union Territories,2020-21,119.3,93.3,14.7,1.8,229.0,5.4,0.8,187.0,-
Union Territories,2021-22,-,-,-,-,-,-,-,-,-
All India,2002-03,71820.2,65760.8,26065.4,11125.0,174771.4,14838.4,8623.7,287383.2,11275.4
All India,2003-04,88526.0,72156.2,37602.0,14905.2,213189.4,25186.3,13729.0,233861.8,11172.9
All India,2004-05,83131.7,68636.9,33464.7,13129.5,198362.8,24353.5,16428.6,237088.4,10272.3
All India,2005-06,91793.4,69354.5,34069.3,13384.4,208601.6,27977.9,18499.0,281171.8,10839.6
All India,2006-07,93355.3,75806.7,33922.6,14197.5,217282.1,24289.4,22631.8,355519.7,11273.0
All India,2007-08,96692.9,78570.2,40750.4,14761.5,230775.0,29755.3,25884.1,348187.9,11210.5
All India,2008-09,99182.5,80679.4,40037.9,14566.4,234466.2,27719.0,22276.2,285029.3,10365.3
All India,2009-10,89092.9,80803.6,33549.1,14661.8,218107.4,24881.6,24021.8,292301.6,11817.4
All India,2010-11,95979.8,86868.7,43397.1,18240.9,244491.8,32479.0,33000.0,342381.6,10620.2
All India,2011-12,105310.9,94876.7,42041.3,17088.9,259323.2,29798.7,35200.0,360983.4,11398.6
All India,2012-13,105231.6,93506.5,40044.2,18342.5,257124.7,30939.7,34220.0,341199.7,10930.1
All India,2013-14,106645.5,95849.8,43294.9,19252.9,265043.2,32749.4,35902.0,352141.8,11690.2
All India,2014-15,104798.5,88938.4,42860.0,17191.3,252676.5,26674.8,34805.0,359330.1,11449.2
All India,2015-16,104408.2,92287.5,38522.3,16348.2,251540.0,25250.8,30005.0,348448.4,10523.6
All India,2016-17,109698.4,98510.2,43772.1,23131.1,275111.9,31275.6,32577.4,306069.0,10962.4
All India,2017-18,112757.6,99869.5,46970.2,25416.2,285013.5,31459.3,32805.0,379904.9,10032.9
All India,2018-19,116477.8,103596.2,43059.4,22075.9,285209.3,31521.8,28042.0,405416.2,9819.7
All India,2019-20,118870.3,107860.5,47748.4,23025.2,297504.5,33219.2,36065.0,370500.3,9876.8
All India,2020-21,124368.3,109586.5,51323.8,25463.1,310741.7,35946.2,35248.3,405398.7,9354.4
All India,2021-22,130290.6,106844.9,50895.2,27692.1,315722.7,37696.0,31203.0,431811.9,10316.7
